Empresa;C�digo;�ndices dos quais participa
3M;MMMC34;BDRX
3TENTOS;TTEN3;AGFS,IBRA,ICO2,ICON,IGCT,IGCX,IGNM,ISEE,ITAG,SMLL
ABBVIE;ABBV34;BDRX
ABC BRASIL;ABCB4;IBRA,ICO2,IDIV,IFNC,IGCT,IGCX,ITAG,SMLL
ADOBE INC;ADBE34;BDRX
ADVANCE AUTO;A1AP34;BDRX
ADVANCED MIC;A1MD34;BDRX
AERIS;AERI3;IBRA,IGCT,IGCX,IGNM,ISEE,ITAG,SMLL
AIRBNB;AIRB34;BDRX
ALBEMARLE CO;A1LB34;BDRX
ALIBABAGR;BABA34;BDRX
ALLIAR;AALR3;IGCX,IGNM,ITAG
ALLIED;ALLD3;IGCX,IGNM,ITAG
ALLOS;ALOS3;IBBC,IBBE,IBBR,IBEP,IBEW,IBLV,IBOV,IBRA,IBXX,ICO2,IDVR,IGCT,IGCX,IGNM,IMOB,ISEE,ITAG,IVBX,SMLL
ALPARGATAS;ALPA3;IGCX
ALPARGATAS;ALPA4;IBRA,ICON,IGCT,IGCX,INDX,SMLL
ALPHABET;GOGL34;BDRX
ALPHABET;GOGL35;BDRX
ALPHAVILLE;AVLL3;IGCX,IGNM,ITAG
ALUPAR;ALUP11;IBRA,IEEX,IGCT,IGCX,ITAG,SMLL,UTIL
AMAZON;AMZO34;BDRX
AMBEV S/A;ABEV3;AGFS,GPTW,IBBC,IBBE,IBBR,IBEP,IBEW,IBLV,IBOV,IBRA,IBXL,IBXX,ICO2,ICON,IDVR,INDX,ISEE,MLCX
AMBIPAR;AMBP3;IBRA,IBXX,IDVR,IGCT,IGCX,IGNM,ISEE,ITAG,MLCX,UTIL
AMERICAN AIR;AALL34;BDRX
AMERICAN EXP;AXPB34;BDRX
AMERICAN TOW;T1OW34;BDRX
ANIMA;ANIM3;IBRA,ICON,IDVR,IGCT,IGCX,IGNM,ITAG,SMLL
APPLE;AAPL34;BDRX
APPLIED MATE;A1MT34;BDRX
ARCELOR;ARMT34;BDRX
ARISTA NETWO;A1NE34;BDRX
ARMAC;ARML3;AGFS,IBRA,IGCT,IGCX,IGNM,INDX,ITAG,SMLL
ASML HOLD;ASML34;BDRX
ASSAI;ASAI3;AGFS,GPTW,IBBC,IBBE,IBBR,IBEP,IBEW,IBOV,IBRA,IBXL,IBXX,ICO2,ICON,IDVR,IGCT,IGCX,IGNM,ISEE,ITAG,IVBX,SMLL
ASTRAZENECA;A1ZN34;BDRX
ATT INC;ATTB34;BDRX
AUREN;AURE3;GPTW,IBBC,IBBE,IBBR,IBEP,IBEW,IBOV,IBRA,IBXX,ICO2,IEEX,IGCT,IGCX,IGNM,ISEE,ITAG,SMLL,UTIL
AZZAS 2154;AZZA3;IBBC,IBBE,IBBR,IBEP,IBEW,IBOV,IBRA,IBXX,ICO2,ICON,IGCT,IGCX,IGNM,ISEE,ITAG,IVBX,SMLL
B3;B3SA3;GPTW,IBBC,IBBE,IBBR,IBEP,IBEW,IBHB,IBOV,IBRA,IBXL,IBXX,ICO2,IDVR,IFNC,IGCT,IGCX,IGNM,ISEE,ITAG,MLCX
BAIDU INC;BIDU34;BDRX
BANCO BMG;BMGB4;IGCX,ITAG
BANCO PAN;BPAN4;GPTW,IBRA,IDVR,IFNC,IGCT,IGCX,ISEE,ITAG,SMLL
BANESE;BGIP3;ITAG
BANESE;BGIP4;ITAG
BANESTES;BEES3;ITAG
BANESTES;BEES4;ITAG
BANK AMERICA;BOAC34;BDRX
BANRISUL;BRSR3;IGCX,ITAG
BANRISUL;BRSR6;IBRA,ICO2,IDIV,IFNC,IGCT,IGCX,ITAG,SMLL
BBSEGURIDADE;BBSE3;IBBC,IBBE,IBBR,IBEE,IBEW,IBLV,IBOV,IBRA,IBSD,IBXL,IBXX,IDIV,IDVR,IFNC,IGCT,IGCX,IGNM,ITAG,IVBX,MLCX
BEMOBI TECH;BMOB3;GPTW,IBRA,IGCT,IGCX,IGNM,ITAG,SMLL
BERKSHIRE;BERK34;BDRX
BEYOND MEAT;B2YN34;BDRX
BILIBILI INC;B1IL34;BDRX
BILL HOLD;B2HI34;BDRX
BIOMA EDUC;BIED3;ITAG
BIOMM;BIOM3;ITAG
BIONTECH SE;B1NT34;BDRX
BLACKROCK;BLAK34;BDRX
BLAU;BLAU3;IBRA,ICON,IDVR,IGCT,IGCX,IGNM,ITAG,SMLL
BLOCK INC.;X1YZ34;BDRX
BOA SAFRA;SOJA3;AGFS,IBRA,ICON,IDVR,IGCT,IGCX,IGNM,ITAG,SMLL
BOOKING;BKNG34;BDRX
BP PLC;B1PP34;BDRX
BR PARTNERS;BRBI11;IBRA,IDIV,IFNC,IGCT,IGCX,SMLL
BRADESCO;BBDC3;IBBC,IBBE,IBBR,IBEP,IBEW,IBOV,IBRA,IBXX,ICO2,IDIV,IDVR,IFNC,IGCT,IGCX,ITAG,MLCX
BRADESCO;BBDC4;GPTW,IBBC,IBBE,IBBR,IBEP,IBEW,IBLV,IBOV,IBRA,IBSD,IBXL,IBXX,ICO2,IDIV,IDVR,IFNC,IGCT,IGCX,ISEE,ITAG,MLCX
BRADESPAR;BRAP3;IGCX,ITAG
BRADESPAR;BRAP4;IBBC,IBBE,IBBR,IBEP,IBEW,IBLV,IBOV,IBRA,IBSD,IBXX,IDIV,IGCT,IGCX,IMAT,ITAG,IVBX,SMLL
BRASIL;BBAS3;IBBC,IBBE,IBBR,IBEE,IBEW,IBLV,IBOV,IBRA,IBSD,IBXL,IBXX,ICO2,IDIV,IDVR,IFNC,IGCT,IGCX,IGNM,ISEE,ITAG,MLCX
BRASILAGRO;AGRO3;AGFS,IBRA,ICON,IDIV,IDVR,IGCT,IGCX,IGNM,ITAG,SMLL
BRASKEM;BRKM3;IGCX,ITAG
BRASKEM;BRKM5;IBBC,IBBE,IBBR,IBEP,IBEW,IBOV,IBRA,IBXX,IGCT,IGCX,IMAT,INDX,ITAG,SMLL
BRAVA;BRAV3;IBBC,IBBE,IBBR,IBEP,IBEW,IBHB,IBOV,IBRA,IBXL,IBXX,IGCT,IGCX,IGNM,ITAG,IVBX,SMLL
BRF SA;BRFS3;AGFS,IBBC,IBBE,IBBR,IBEP,IBEW,IBHB,IBOV,IBRA,IBXL,IBXX,ICO2,ICON,IGCT,IGCX,IGNM,INDX,ISEE,ITAG,IVBX,MLCX
BRISANET;BRST3;IGCX,IGNM,ITAG
BRITISH AMER;B1TI34;BDRX
BROADCOM INC;AVGO34;BDRX
BTGP BANCO;BPAC11;IBBC,IBBE,IBBR,IBEP,IBEW,IBHB,IBOV,IBRA,IBXL,IBXX,IFNC,IGCT,IGCX,ISEE,ITAG,MLCX
CAIXA SEGURI;CXSE3;GPTW,IBBC,IBBE,IBBR,IBEE,IBEW,IBLV,IBOV,IBRA,IBSD,IBXX,ICO2,IDIV,IFNC,IGCT,IGCX,IGNM,ITAG,IVBX,MLCX
CAMIL;CAML3;AGFS,IBRA,ICON,IGCT,IGCX,IGNM,INDX,ISEE,ITAG,SMLL
CARTESIA FII;CACR11;IFIL,IFIX
CASAS BAHIA;BHIA3;GPTW,IBRA,ICO2,ICON,IGCT,IGCX,IGNM,ISEE,ITAG,SMLL
CATERPILLAR;CATP34;BDRX
CBA;CBAV3;GPTW,IBRA,IDVR,IGCT,IGCX,IGNM,IMAT,ISEE,ITAG,SMLL
CEA MODAS;CEAB3;GPTW,IBRA,IBXX,ICO2,ICON,IDVR,IGCT,IGCX,IGNM,ISEE,ITAG,SMLL
CEDRO;CEDO4;IGCX,ITAG
CELESC;CLSC3;ITAG
CELESC;CLSC4;IGCX,ITAG
CEMIG;CMIG3;IGCX
CEMIG;CMIG4;IBBC,IBBE,IBBR,IBEE,IBEW,IBLV,IBOV,IBRA,IBSD,IBXL,IBXX,ICO2,IDIV,IDVR,IEEX,IGCT,IGCX,ISEE,IVBX,MLCX,UTIL
CHARTER COMM;CHCM34;BDRX
CHEVRON;CHVX34;BDRX
CIABRASF;ADMF3;IGCX,IGNM,ITAG
CISCO;CSCO34;BDRX
CITIGROUP;CTGP34;BDRX
COCA COLA;COCA34;BDRX
COELCE;COCE5;IEEX
COGNA ON;COGN3;IBBC,IBBE,IBBR,IBEP,IBEW,IBHB,IBOV,IBRA,IBXX,ICON,IGCT,IGCX,IGNM,ISEE,ITAG,IVBX,SMLL
COINBASEGLOB;C2OI34;BDRX
COLGATE;COLG34;BDRX
COMCAST;CMCS34;BDRX
COPASA;CSMG3;IBRA,IBXX,IDIV,IGCT,IGCX,IGNM,ISEE,ITAG,SMLL,UTIL
COPEL;CPLE3;IBRA,IBXX,ICO2,IDIV,IDVR,IGCT,IGCX,ITAG,MLCX,UTIL
COPEL;CPLE5;IGCX,ITAG
COPEL;CPLE6;IBBC,IBBE,IBBR,IBEP,IBEW,IBLV,IBOV,IBRA,IBSD,IBXL,IBXX,ICO2,IDIV,IDVR,IEEX,IGCT,IGCX,ISEE,ITAG,IVBX,MLCX,UTIL
COPHILLIPS;COPH34;BDRX
COSAN;CSAN3;AGFS,IBBC,IBBE,IBBR,IBEP,IBEW,IBHB,IBOV,IBRA,IBXL,IBXX,ICO2,IDVR,IGCT,IGCX,IGNM,ISEE,ITAG,IVBX,SMLL
COSTCO;COWC34;BDRX
CPFL ENERGIA;CPFE3;IBBC,IBBE,IBBR,IBEP,IBEW,IBLV,IBOV,IBRA,IBSD,IBXX,ICO2,IDIV,IDVR,IEEX,IGCT,IGCX,IGNM,ISEE,ITAG,MLCX,UTIL
CROWDSTRIKE;C2RW34;BDRX
CRUZEIRO EDU;CSED3;IGCX,IGNM,ITAG
CSNMINERACAO;CMIN3;IBBC,IBBE,IBBR,IBEP,IBEW,IBHB,IBOV,IBRA,IBSD,IBXX,IDIV,IGCT,IGCX,IMAT,ITAG,MLCX
CSU DIGITAL;CSUD3;IGCX,IGNM,ITAG
CURY S/A;CURY3;IBRA,IBXX,ICON,IDIV,IGCT,IGCX,IGNM,IMOB,INDX,ITAG,SMLL
CVC BRASIL;CVCB3;IBBC,IBBE,IBBR,IBEP,IBEW,IBHB,IBOV,IBRA,IBXX,ICON,IGCT,IGCX,IGNM,ITAG,SMLL
CYRELA REALT;CYRE3;IBBC,IBBE,IBBR,IBEP,IBEW,IBHB,IBOV,IBRA,IBXL,IBXX,ICO2,ICON,IDVR,IGCT,IGCX,IGNM,IMOB,INDX,ISEE,ITAG,IVBX,SMLL
D1000VFARMA;DMVF3;IGCX,IGNM,ITAG
DANAHER CORP;DHER34;BDRX
DASA;DASA3;IBRA,ICON,IDVR,IGCT,IGCX,IGNM,ITAG,SMLL
DEERE CO;DEEC34;BDRX
DELL TECHNOL;D1EL34;BDRX
DESKTOP;DESK3;IGCX,IGNM,ITAG
DEXCO;DXCO3;AGFS,IBRA,IDVR,IGCT,IGCX,IGNM,IMAT,INDX,ISEE,ITAG,SMLL
DEXXOS PAR;DEXP3;IGCX
DEXXOS PAR;DEXP4;IGCX
DIAGEO PL;DEOP34;BDRX
DIMED;PNVL3;IBRA,ICON,IGCT,IGCX,IGNM,ITAG,SMLL
DIRECIONAL;DIRR3;GPTW,IBBC,IBBE,IBBR,IBEP,IBEW,IBHB,IBOV,IBRA,IBSD,IBXX,ICON,IDIV,IDVR,IGCT,IGCX,IGNM,IMOB,INDX,ITAG,SMLL
DOLLAR GENER;DGCO34;BDRX
DOTZ SA;DOTZ3;IGCX,IGNM,ITAG
ECOPETROL SA;E1CO34;BDRX
ECORODOVIAS;ECOR3;IBRA,IBXX,ICO2,IDVR,IGCT,IGCX,IGNM,ISEE,ITAG,SMLL
ELETROBRAS;ELET3;IBBC,IBBE,IBBR,IBEP,IBEW,IBLV,IBOV,IBRA,IBXL,IBXX,IDVR,IEEX,IGCT,IGCX,ISEE,IVBX,MLCX,UTIL
ELETROBRAS;ELET6;IBBC,IBBE,IBBR,IBEP,IBEW,IBOV,IBRA,IBXX,IDVR,IGCT,IGCX,MLCX,UTIL
EMBRAER;EMBR3;GPTW,IBBC,IBBE,IBBR,IBEP,IBEW,IBOV,IBRA,IBXL,IBXX,ICO2,IGCT,IGCX,IGNM,INDX,ITAG,IVBX,MLCX
ENERGISA;ENGI11;IBBC,IBBE,IBBR,IBEP,IBEW,IBLV,IBOV,IBRA,IBXL,IBXX,ICO2,IDVR,IEEX,IGCT,IGCX,ITAG,IVBX,MLCX,UTIL
ENEVA;ENEV3;IBBC,IBBE,IBBR,IBEP,IBEW,IBOV,IBRA,IBXL,IBXX,IEEX,IGCT,IGCX,IGNM,ISEE,ITAG,IVBX,MLCX,UTIL
ENGIE BRASIL;EGIE3;GPTW,IBBC,IBBE,IBBR,IBEP,IBEW,IBLV,IBOV,IBRA,IBXX,ICO2,IDIV,IDVR,IEEX,IGCT,IGCX,IGNM,ISEE,ITAG,MLCX,UTIL
ENJOEI;ENJU3;IGCX,IGNM,ITAG
EQUATORIAL;EQTL3;GPTW,IBBC,IBBE,IBBR,IBEP,IBEW,IBLV,IBOV,IBRA,IBXL,IBXX,IEEX,IGCT,IGCX,IGNM,ISEE,ITAG,IVBX,MLCX,UTIL
EQUINIX INC;EQIX34;BDRX
EQUINOR ASA;E1QN34;BDRX
ESTAPAR;ALPK3;IGCX,IGNM,ITAG
ETERNIT;ETER3;IGCX,IGNM,ITAG
EUCATEX;EUCA3;IGCX
EUCATEX;EUCA4;IGCX
EVEN;EVEN3;IBRA,ICON,IDIV,IGCT,IGCX,IGNM,IMOB,INDX,ITAG,SMLL
EXXON MOBIL;EXXO34;BDRX
EZTEC;EZTC3;IBRA,IBXX,ICON,IGCT,IGCX,IGNM,IMOB,INDX,ITAG,SMLL
FER HERINGER;FHER3;IGCX,IGNM,ITAG
FERBASA;FESA3;IGCX
FERBASA;FESA4;IBRA,IDIV,IDVR,IGCT,IGCX,IMAT,SMLL
FII AFHI CRI;AFHI11;IFIL,IFIX
FII AJ MALLS;AJFI11;IFIX
FII ALIANZA;ALZR11;IFIL,IFIX
FII ARCTIUM;RZAT11;IFIX
FII ATHENA I;FATN11;IFIX
FII ATRIO;ARRI11;IFIX
FII AUTONOMY;AIEC11;IFIX
FII BARI VBI;BARI11;IFIX
FII BBIG;BBIG11;IFIL,IFIX
FII BC FUND;BRCR11;IFIL,IFIX
FII BCIA;BCIA11;IFIX
FII BEES CRI;BCRI11;IFIX
FII BLUE LOG;BLMG11;IFIX
FII BRESCO;BRCO11;IFIL,IFIX
FII BROF;BROF11;IFIX
FII BTG AGRO;BTAL11;IFIX
FII BTG CRI;BTCI11;IFIL,IFIX
FII BTG SHOP;BPML11;IFIX
FII BTHF;BTHF11;IFIL,IFIX
FII BTLG;BTLG11;IFIL,IFIX
FII CANUMA;CCME11;IFIX
FII CAPI SEC;CPTS11;IFIL,IFIX
FII CI IPCA;ICRI11;IFIX
FII CLAVE IN;CLIN11;IFIL,IFIX
FII CPSH;CPSH11;IFIL,IFIX
FII CVBI VBI;CVBI11;IFIL,IFIX
FII CYRELA;CYCR11;IFIX
FII DEVANT;DEVA11;IFIX
FII FATOR VE;VRTA11;IFIL,IFIX
FII G TOWERS;GTWR11;IFIX
FII GAZIT;GZIT11;IFIX
FII GGRCOVEP;GGRC11;IFIL,IFIX
FII GUARDIAN;GARE11;IFIL,IFIX
FII HABIT II;HABT11;IFIL,IFIX
FII HECTARE;HCTR11;IFIL,IFIX
FII HEDGEBS;HGBS11;IFIL,IFIX
FII HGCR PAX;HGCR11;IFIL,IFIX
FII HGFF PAX;HGFF11;IFIX
FII HGLG PAX;HGLG11;IFIL,IFIX
FII HGPO PAX;HGPO11;IFIX
FII HGRE PAX;HGRE11;IFIL,IFIX
FII HGRU PAX;HGRU11;IFIL,IFIX
FII HOTEL MX;HTMX11;IFIL,IFIX
FII HSI CRI;HSAF11;IFIX
FII HSI LOG;HSLG11;IFIX
FII HSI MALL;HSML11;IFIL,IFIX
FII HTOPFOF3;HFOF11;IFIL,IFIX
FII IRIDIUM;IRDM11;IFIL,IFIX
FII ITRI;ITRI11;IFIL,IFIX
FII JS A FIN;JSAF11;IFIL,IFIX
FII JS REAL;JSRE11;IFIL,IFIX
FII KILIMA;KISU11;IFIX
FII KINEA;KNRI11;IFIL,IFIX
FII KINEA CR;KCRE11;IFIX
FII KINEA HF;KNHF11;IFIL,IFIX
FII KINEA HY;KNHY11;IFIL,IFIX
FII KINEA IP;KNIP11;IFIL,IFIX
FII KINEA RI;KNCR11;IFIL,IFIX
FII KINEA SC;KNSC11;IFIL,IFIX
FII KINEA UN;KNUQ11;IFIL,IFIX
FII KINEAFOF;KFOF11;IFIL,IFIX
FII KIVO;KIVO11;IFIX
FII KORE;KORE11;IFIL,IFIX
FII LIFE;LIFE11;IFIX
FII LVBI VBI;LVBI11;IFIL,IFIX
FII MALLS BP;MALL11;IFIL,IFIX
FII MANATI;MANA11;IFIL,IFIX
FII MAUA;MCCI11;IFIL,IFIX
FII MAUA RE;MCRE11;IFIL,IFIX
FII MAXI REN;MXRF11;IFIL,IFIX
FII MERITO I;MFII11;IFIX
FII OURI JPP;OUJP11;IFIX
FII PATL VBI;PATL11;IFIX
FII PMIS;PMIS11;IFIX
FII POLO CRI;PORD11;IFIX
FII PVBI VBI;PVBI11;IFIL,IFIX
FII RBR LOG;RBRL11;IFIX
FII RBR MULT;RBRX11;IFIL,IFIX
FII RBR PCRI;RBRY11;IFIL,IFIX
FII RBR PROP;RBRP11;IFIL,IFIX
FII RBRALPHA;RBRF11;IFIL,IFIX
FII RBRHGRAD;RBRR11;IFIL,IFIX
FII REC RECE;RECR11;IFIL,IFIX
FII RIOB FF;RBFF11;IFIX
FII RIOB RC;RCRB11;IFIX
FII RIOB VA;RBVA11;IFIL,IFIX
FII RIZA AKN;RZAK11;IFIL,IFIX
FII RIZA TX;RZTR11;IFIL,IFIX
FII RVBI VBI;RVBI11;IFIL,IFIX
FII SANT REN;SARE11;IFIX
FII SDI LOG;TRBL11;IFIX
FII SPX SYN;SPXS11;IFIX
FII SUNO CRI;SNCI11;IFIX
FII SUNO EL;SNEL11;IFIX
FII SUNOFOFI;SNFF11;IFIX
FII TEL PROP;TEPP11;IFIX
FII TG ATIVO;TGAR11;IFIL,IFIX
FII TIVIO RI;TVRI11;IFIL,IFIX
FII TOPP;TOPP11;IFIX
FII TRX REAL;TRXF11;IFIL,IFIX
FII URCA REN;URPR11;IFIL,IFIX
FII VALOR HE;VGHF11;IFIL,IFIX
FII VALORAIP;VGIP11;IFIL,IFIX
FII VALREIII;VGIR11;IFIL,IFIX
FII VECTIS;VCJR11;IFIL,IFIX
FII VGRI;VGRI11;IFIX
FII VINCI IU;VIUR11;IFIX
FII VINCI LG;VILG11;IFIL,IFIX
FII VINCI OF;VINO11;IFIL,IFIX
FII VINCI SC;VISC11;IFIL,IFIX
FII VRTM;VRTM11;IFIX
FII WHG REAL;WHGR11;IFIX
FII XP CRED;XPCI11;IFIL,IFIX
FII XP LOG;XPLG11;IFIL,IFIX
FII XP MALLS;XPML11;IFIL,IFIX
FII XP SELEC;XPSF11;IFIX
FIRST SOLAR;FSLR34;BDRX
FLEURY;FLRY3;IBBC,IBBE,IBBR,IBEP,IBEW,IBOV,IBRA,IBXX,ICO2,ICON,IDIV,IDVR,IGCT,IGCX,IGNM,ISEE,ITAG,SMLL
FORD MOTORS;FDMO34;BDRX
FRANCONEVADA;F2NV34;BDRX
FRAS-LE;FRAS3;IBRA,IGCT,IGCX,SMLL
GAFISA;GFSA3;GPTW,IBRA,ICON,IGCT,IGCX,IGNM,IMOB,INDX,ISEE,ITAG,SMLL
GEAEROSPACE;GEOO34;BDRX
GENERAL MOT;GMCO34;BDRX
GER PARANAP;GEPA4;ITAG
GERDAU;GGBR3;IGCX,ITAG
GERDAU;GGBR4;IBBC,IBBE,IBBR,IBEP,IBEW,IBOV,IBRA,IBSD,IBXL,IBXX,IDIV,IDVR,IGCT,IGCX,IMAT,INDX,ITAG,IVBX,MLCX
GERDAU MET;GOAU3;IGCX,ITAG
GERDAU MET;GOAU4;IBBC,IBBE,IBBR,IBEP,IBEW,IBOV,IBRA,IBSD,IBXX,IDIV,IGCT,IGCX,IMAT,INDX,ITAG,IVBX,SMLL
GOLDMANSACHS;GSGI34;BDRX
GPS;GGPS3;IBRA,IBXX,IGCT,IGCX,IGNM,ITAG,SMLL
GRAZZIOTIN;CGRA3;ITAG
GRAZZIOTIN;CGRA4;ITAG
GRENDENE;GRND3;IBRA,ICON,IDIV,IGCT,IGCX,IGNM,INDX,ITAG,SMLL
GRUPO MATEUS;GMAT3;AGFS,IBRA,IBXX,ICON,IDVR,IGCT,IGCX,IGNM,ITAG,MLCX
GRUPO SBF;SBFG3;IBRA,ICON,IGCT,IGCX,IGNM,ITAG,SMLL
GRUPO TOKY;TOKY3;IGCX,IGNM,ITAG
GRUPOCIBEST;C2OL34;BDRX
GUARARAPES;GUAR3;GPTW,IBRA,ICON,IGCT,IGCX,IGNM,ISEE,ITAG,SMLL
HAPVIDA;HAPV3;IBBC,IBBE,IBBR,IBEP,IBEW,IBHB,IBOV,IBRA,IBXL,IBXX,ICON,IGCT,IGCX,IGNM,ITAG,IVBX,MLCX
HBR REALTY;HBRE3;IGCX,IGNM,ITAG
HELBOR;HBOR3;IGCX,IGNM,ITAG
HIDROVIAS;HBSA3;AGFS,GPTW,IBRA,IDVR,IGCT,IGCX,IGNM,ISEE,ITAG,SMLL
HOME DEPOT;HOME34;BDRX
HP COMPANY;HPQB34;BDRX
HSBC HOLDING;H1SB34;BDRX
HYPERA;HYPE3;IBBC,IBBE,IBBR,IBEP,IBEW,IBOV,IBRA,IBXL,IBXX,ICO2,ICON,IDVR,IGCT,IGCX,IGNM,ISEE,ITAG,IVBX,SMLL
IGUATEMI S.A;IGTI11;GPTW,IBBC,IBBE,IBBR,IBEP,IBEW,IBHB,IBOV,IBRA,IBXX,ICO2,IDVR,IGCT,IGCX,IMOB,ISEE,ITAG,IVBX,SMLL
IMC S/A;MEAL3;IGCX,IGNM,ITAG
INEPAR;INEP3;ITAG
INEPAR;INEP4;ITAG
INTEL;ITLC34;BDRX
INTELBRAS;INTB3;GPTW,IBRA,IGCT,IGCX,IGNM,INDX,ITAG,SMLL
INTER CO;INBR32;IBBC,IBBE,IBBR
IOCHP-MAXION;MYPK3;IBRA,ICO2,ICON,IGCT,IGCX,IGNM,INDX,ISEE,ITAG,SMLL
IRANI;RANI3;AGFS,GPTW,IBRA,ICO2,IDIV,IGCT,IGCX,IGNM,IMAT,INDX,ISEE,ITAG,SMLL
IRBBRASIL RE;IRBR3;GPTW,IBBC,IBBE,IBBR,IBEP,IBEW,IBOV,IBRA,IBXX,IDVR,IFNC,IGCT,IGCX,IGNM,ITAG,SMLL
ISA ENERGIA;ISAE3;IGCX
ISA ENERGIA;ISAE4;IBBC,IBBE,IBBR,IBEP,IBEW,IBLV,IBOV,IBRA,IBSD,IBXX,ICO2,IDIV,IDVR,IEEX,IGCT,IGCX,ISEE,IVBX,MLCX,UTIL
ITAUSA;ITSA3;IGCX
ITAUSA;ITSA4;GPTW,IBBC,IBBE,IBBR,IBEP,IBEW,IBLV,IBOV,IBRA,IBSD,IBXL,IBXX,IDIV,IDVR,IGCT,IGCX,ISEE,ITAG,MLCX
ITAUUNIBANCO;ITUB3;IBRA,ICO2,IDIV,IDVR,IFNC,IGCT,IGCX,MLCX
ITAUUNIBANCO;ITUB4;GPTW,IBBC,IBBE,IBBR,IBEP,IBEW,IBLV,IBOV,IBRA,IBXL,IBXX,ICO2,IDIV,IDVR,IFNC,IGCT,IGCX,ISEE,ITAG,MLCX
JALLESMACHAD;JALL3;AGFS,GPTW,IBRA,ICON,IGCT,IGCX,IGNM,ITAG,SMLL
JBS N.V.;JBSS32;IBBC,IBBE,IBBR
JD COM;JDCO34;BDRX
JHSF PART;JHSF3;GPTW,IBRA,ICO2,ICON,IDIV,IGCT,IGCX,IGNM,IMOB,INDX,ITAG,SMLL
JOHNSON;JNJB34;BDRX
JPMORGAN;JPMC34;BDRX
JSL;JSLG3;AGFS,IBRA,IDIV,IGCT,IGCX,IGNM,ISEE,ITAG,SMLL
KEPLER WEBER;KEPL3;AGFS,GPTW,IBRA,IDIV,IDVR,IGCT,IGCX,IGNM,INDX,ITAG,SMLL
KINGSOFT CHL;K2CG34;BDRX
KLABIN S/A;KLBN11;AGFS,IBBC,IBBE,IBBR,IBEP,IBEW,IBLV,IBOV,IBRA,IBXL,IBXX,IDIV,IDVR,IGCT,IGCX,IMAT,INDX,ISEE,ITAG,IVBX,MLCX
KRAFT HEINZ;KHCB34;BDRX
LAVVI;LAVV3;IBRA,ICON,IDIV,IDVR,IGCT,IGCX,IGNM,IMOB,ITAG,SMLL
LILLY;LILY34;BDRX
LLOYDS BANKI;L1YG34;BDRX
LOCALIZA;RENT3;GPTW,IBBC,IBBE,IBBR,IBEP,IBEW,IBHB,IBOV,IBRA,IBXL,IBXX,ICO2,ICON,IDVR,IGCT,IGCX,IGNM,ITAG,MLCX
LOG COM PROP;LOGG3;IBRA,IGCT,IGCX,IGNM,IMOB,ITAG,SMLL
LOG-IN;LOGN3;IGCX,IGNM,ITAG
LOJAS MARISA;AMAR3;IGCX,IGNM,ITAG
LOJAS RENNER;LREN3;IBBC,IBBE,IBBR,IBEP,IBEW,IBHB,IBOV,IBRA,IBXL,IBXX,ICO2,ICON,IDVR,IGCT,IGCX,IGNM,ISEE,ITAG,IVBX,SMLL
LOPES BRASIL;LPSB3;IGCX,IGNM,ITAG
LUMEN TECH;L1MN34;BDRX
LUPATECH;LUPA3;IGCX,IGNM,ITAG
LWSA;LWSA3;IBRA,IBXX,ICO2,IDVR,IGCT,IGCX,IGNM,ITAG,SMLL
M.DIASBRANCO;MDIA3;AGFS,GPTW,IBRA,ICO2,ICON,IDVR,IGCT,IGCX,IGNM,INDX,ISEE,ITAG,SMLL
MAGAZ LUIZA;MGLU3;GPTW,IBBC,IBBE,IBBR,IBEP,IBEW,IBHB,IBOV,IBRA,IBXL,IBXX,ICO2,ICON,IDVR,IGCT,IGCX,IGNM,ISEE,ITAG,IVBX,SMLL
MARCOPOLO;POMO3;IGCX,ITAG
MARCOPOLO;POMO4;GPTW,IBBC,IBBE,IBBR,IBEP,IBEW,IBOV,IBRA,IBXX,IDIV,IGCT,IGCX,INDX,ITAG,IVBX,SMLL
MARFRIG;MRFG3;AGFS,IBBC,IBBE,IBBR,IBEP,IBEW,IBOV,IBRA,IBSD,IBXL,IBXX,ICO2,ICON,IDIV,IGCT,IGCX,IGNM,INDX,ITAG,IVBX,SMLL
MASTERCARD;MSCD34;BDRX
MATER DEI;MATD3;IGCX,IGNM,ITAG
MCDONALDS;MCDC34;BDRX
MEDICAL P TR;M2PW34;BDRX
MELIUZ;CASH3;IBRA,IGCT,IGCX,IGNM,ITAG,SMLL
MELNICK;MELK3;IGCX,IGNM,ITAG
MERCADOLIBRE;MELI34;BDRX
MERCANTIL;BMEB3;IGCX
MERCANTIL;BMEB4;IGCX
MERCK;MRCK34;BDRX
META PLAT;M1TA34;BDRX
METAL LEVE;LEVE3;IBRA,ICON,IDIV,IGCT,IGCX,IGNM,INDX,ITAG,SMLL
METALFRIO;FRIO3;IGCX,IGNM,ITAG
MICRON TECHN;MUTC34;BDRX
MICROSOFT;MSFT34;BDRX
MICROSTRATEG;M2ST34;BDRX
MILLS;MILS3;GPTW,IBRA,ICO2,IDVR,IGCT,IGCX,IGNM,INDX,ITAG,SMLL
MINERVA;BEEF3;AGFS,GPTW,IBBC,IBBE,IBBR,IBEP,IBEW,IBOV,IBRA,IBXX,ICO2,ICON,IGCT,IGCX,IGNM,INDX,ISEE,ITAG,SMLL
MITRE REALTY;MTRE3;IGCX,IGNM,ISEE,ITAG
MODERNA INC;M1RN34;BDRX
MONSTER BEVE;M1NS34;BDRX
MORGAN STAN;MSBR34;BDRX
MOTIVA SA;MOTV3;GPTW,IBBC,IBBE,IBBR,IBEP,IBEW,IBOV,IBRA,IBXL,IBXX,ICO2,IDVR,IGCT,IGCX,IGNM,ISEE,ITAG,IVBX,MLCX
MOURA DUBEUX;MDNE3;GPTW,IBRA,ICON,IGCT,IGCX,IGNM,IMOB,INDX,ITAG,SMLL
MOVIDA;MOVI3;IBRA,IBXX,ICO2,ICON,IGCT,IGCX,IGNM,ISEE,ITAG,SMLL
MRV;MRVE3;IBBC,IBBE,IBBR,IBEP,IBEW,IBHB,IBOV,IBRA,IBXX,ICON,IDVR,IGCT,IGCX,IGNM,IMOB,INDX,ISEE,ITAG,IVBX,SMLL
MULTILASER;MLAS3;IBRA,IGCT,IGCX,IGNM,ITAG,SMLL
MULTIPLAN;MULT3;IBBC,IBBE,IBBR,IBEP,IBEW,IBLV,IBOV,IBRA,IBXL,IBXX,IGCT,IGCX,IMOB,ITAG,IVBX,SMLL
NASDAQ INC;N1DA34;BDRX
NATURA;NTCO3;IBBC,IBBE,IBBR,IBEP,IBEW,IBHB,IBOV,IBRA,IBXL,IBXX,ICO2,ICON,IGCT,IGCX,IGNM,INDX,ISEE,ITAG,IVBX,SMLL
NEOENERGIA;NEOE3;GPTW,IBRA,ICO2,IDVR,IEEX,IGCT,IGCX,IGNM,ISEE,ITAG,MLCX,UTIL
NEOGRID;NGRD3;IGCX,IGNM,ITAG
NETFLIX;NFLX34;BDRX
NEWMONT GOLD;N1EM34;BDRX
NEXTERA ENER;NEXT34;BDRX
NIKE;NIKE34;BDRX
NOVO NORDISK;N1VO34;BDRX
NU HOLDINGS;ROXO34;BDRX,IBBC,IBBE,IBBR
NVIDIA CORP;NVDC34;BDRX
OCCIDENT PTR;OXYP34;BDRX
OCEANPACT;OPCT3;IBRA,IGCT,IGCX,IGNM,ISEE,ITAG,SMLL
ODONTOPREV;ODPV3;GPTW,IBRA,ICON,IDIV,IDVR,IGCT,IGCX,IGNM,ISEE,ITAG,SMLL
ONCOCLINICAS;ONCO3;GPTW,IBRA,IBXX,ICON,IDVR,IGCT,IGCX,IGNM,ITAG,SMLL
ORACLE;ORCL34;BDRX
ORIZON;ORVR3;IBRA,IGCT,IGCX,IGNM,ITAG,SMLL,UTIL
OUROFINO S/A;OFSA3;IGCX,IGNM,ITAG
P.ACUCAR-CBD;PCAR3;AGFS,IBBC,IBBE,IBBR,IBEP,IBEW,IBHB,IBOV,IBRA,IBXX,ICO2,ICON,IGCT,IGCX,IGNM,ISEE,ITAG,SMLL
PADTEC;PDTC3;IGCX,IGNM,ITAG
PAGSEGURO;PAGS34;BDRX,IBBC,IBBE,IBBR
PAGUE MENOS;PGMN3;IBRA,ICON,IDVR,IGCT,IGCX,IGNM,ITAG,SMLL
PALANTIRTECH;P2LT34;BDRX
PALOALTO NET;P2AN34;BDRX
PAYPAL HOLD;PYPL34;BDRX
PDD HOLDING;P1DD34;BDRX
PEPSICO INC;PEPB34;BDRX
PETROBRAS;PETR3;IBBC,IBBE,IBBR,IBEE,IBEW,IBOV,IBRA,IBXL,IBXX,IDIV,IDVR,IGCT,IGCX,ITAG,MLCX
PETROBRAS;PETR4;IBBC,IBBE,IBBR,IBEE,IBEW,IBLV,IBOV,IBRA,IBSD,IBXL,IBXX,IDIV,IDVR,IGCT,IGCX,ITAG,MLCX
PETRORECSA;RECV3;IBBC,IBBE,IBBR,IBEP,IBEW,IBOV,IBRA,IBXX,IDVR,IGCT,IGCX,IGNM,ITAG,SMLL
PETRORIO;PRIO3;IBBC,IBBE,IBBR,IBEP,IBEW,IBOV,IBRA,IBXL,IBXX,IDVR,IGCT,IGCX,IGNM,ITAG,MLCX
PETTENATI;PTNT4;ITAG
PETZ;PETZ3;IBBC,IBBE,IBBR,IBEP,IBEW,IBHB,IBOV,IBRA,IBXX,ICON,IDVR,IGCT,IGCX,IGNM,ITAG,SMLL
PFIZER;PFIZ34;BDRX
PG;PGCO34;BDRX
PINE;PINE3;IGCX,ITAG
PINE;PINE4;IGCX,ITAG
PLANOEPLANO;PLPL3;IBRA,ICON,IDIV,IDVR,IGCT,IGCX,IGNM,IMOB,INDX,ITAG,SMLL
PORTO SEGURO;PSSA3;IBBC,IBBE,IBBR,IBEP,IBEW,IBLV,IBOV,IBRA,IBXX,ICO2,IFNC,IGCT,IGCX,IGNM,ISEE,ITAG,MLCX
PORTOBELLO;PTBL3;IGCX,IGNM,ISEE,ITAG
POSITIVO TEC;POSI3;GPTW,IBRA,IDVR,IGCT,IGCX,IGNM,INDX,ITAG,SMLL
PRINER;PRNR3;IBRA,IDVR,IGCT,IGCX,IGNM,ITAG,SMLL
PROFARMA;PFRM3;IGCX,IGNM,ITAG
PROLOGIS INC;P1LD34;BDRX
QUALCOMM;QCOM34;BDRX
QUALICORP;QUAL3;IBRA,ICON,IGCT,IGCX,IGNM,ITAG,SMLL
QUERO-QUERO;LJQQ3;IBRA,ICON,IDVR,IGCT,IGCX,IGNM,ISEE,ITAG,SMLL
RAIADROGASIL;RADL3;GPTW,IBBC,IBBE,IBBR,IBEP,IBEW,IBOV,IBRA,IBXL,IBXX,ICO2,ICON,IDVR,IGCT,IGCX,IGNM,ISEE,ITAG,IVBX,MLCX
RAIZEN;RAIZ4;AGFS,IBBC,IBBE,IBBR,IBEP,IBEW,IBOV,IBRA,IBXX,ICO2,IGCT,IGCX,ISEE,ITAG,MLCX
RANDON PART;RAPT3;IGCX
RANDON PART;RAPT4;AGFS,IBRA,IGCT,IGCX,INDX,ITAG,SMLL
RDVC CITY;CCTY3;IGCX,IGNM,ITAG
REAGINVEST;REAG3;IGCX,IGNM,ITAG
REALTY INCOM;R1IN34;BDRX
RECRUSUL;RCSL3;AGFS,IBRA,INDX,SMLL
REDE D OR;RDOR3;IBBC,IBBE,IBBR,IBEP,IBEW,IBHB,IBOV,IBRA,IBXL,IBXX,ICO2,ICON,IGCT,IGCX,IGNM,ISEE,ITAG,IVBX,MLCX
REVEE;RVEE3;IGCX,IGNM,ITAG
RIO TINTO;RIOT34;BDRX
RNI;RDNI3;IGCX,IGNM,ITAG
ROBLOX CORP;R2BL34;BDRX
ROMI;ROMI3;IGCX,IGNM,ITAG
RUMO S.A.;RAIL3;AGFS,IBBC,IBBE,IBBR,IBEP,IBEW,IBOV,IBRA,IBXL,IBXX,IGCT,IGCX,IGNM,ISEE,ITAG,IVBX,MLCX
SABESP;SBSP3;IBBC,IBBE,IBBR,IBEP,IBEW,IBLV,IBOV,IBRA,IBXL,IBXX,IGCT,IGCX,IGNM,ISEE,ITAG,IVBX,MLCX,UTIL
SALESFOR INC;SSFO34;BDRX
SANEPAR;SAPR11;IBRA,IDIV,IDVR,IGCT,IGCX,ISEE,ITAG,SMLL,UTIL
SANTANDER;BCSA34;BDRX
SANTANDER BR;SANB11;GPTW,IBBC,IBBE,IBBR,IBEP,IBEW,IBLV,IBOV,IBRA,IBSD,IBXX,ICO2,IDVR,IFNC,ISEE,ITAG,MLCX
SANTOS BRP;STBP3;GPTW,IBBC,IBBE,IBBR,IBEP,IBEW,IBLV,IBOV,IBRA,IBXX,ICO2,IDIV,IGCT,IGCX,IGNM,ISEE,ITAG,IVBX,SMLL
SAO CARLOS;SCAR3;IGCX,IGNM,ITAG
SAO MARTINHO;SMTO3;AGFS,GPTW,IBBC,IBBE,IBBR,IBEP,IBEW,IBOV,IBRA,IBXX,ICON,IDVR,IGCT,IGCX,IGNM,INDX,ITAG,SMLL
SCHWAB;SCHW34;BDRX
SEA LTD;S2EA34;BDRX
SER EDUCA;SEER3;IBRA,ICON,IDVR,IGCT,IGCX,IGNM,ITAG,SMLL
SERENA;SRNA3;IBRA,IEEX,IGCT,IGCX,IGNM,ISEE,ITAG,SMLL,UTIL
SERVICENOW;N1OW34;BDRX
SHOPIFY INC;S2HO34;BDRX
SIBANYE STIL;S1BS34;BDRX
SID NACIONAL;CSNA3;IBBC,IBBE,IBBR,IBEP,IBEW,IBHB,IBOV,IBRA,IBSD,IBXL,IBXX,IDIV,IMAT,INDX,IVBX,SMLL
SIGMA LITHM;S2GM34;BDRX
SIMON PROP;SIMN34;BDRX
SIMPAR;SIMH3;IBRA,ICO2,IGCT,IGCX,IGNM,ISEE,ITAG,SMLL
SLC AGRICOLA;SLCE3;AGFS,GPTW,IBBC,IBBE,IBBR,IBEP,IBEW,IBOV,IBRA,IBXX,ICON,IGCT,IGCX,IGNM,ISEE,ITAG,SMLL
SMART FIT;SMFT3;IBBC,IBBE,IBBR,IBEP,IBEW,IBOV,IBRA,IBXX,ICON,IDVR,IGCT,IGCX,IGNM,ITAG,SMLL
SNOWFLAKE;S2NW34;BDRX
SONY GROUP;SNEC34;BDRX
SPOTIFY TECH;S1PO34;BDRX
STAG INDUSTR;S2TA34;BDRX
STARBUCKS;SBUB34;BDRX
STONE CO;STOC34;BDRX,IBBC,IBBE,IBBR
SUN COMMUN;S2UI34;BDRX
SUZANO S.A.;SUZB3;AGFS,IBBC,IBBE,IBBR,IBEP,IBEW,IBLV,IBOV,IBRA,IBXL,IBXX,IGCT,IGCX,IGNM,IMAT,INDX,ITAG,MLCX
SYN PROP TEC;SYNE3;IBRA,IDIV,IGCT,IGCX,IGNM,IMOB,ITAG,SMLL
TAESA;TAEE11;GPTW,IBBC,IBBE,IBBR,IBEP,IBEW,IBLV,IBOV,IBRA,IBSD,IBXX,IDIV,IEEX,IGCT,IGCX,ITAG,SMLL,UTIL
TAIWANSMFAC;TSMC34;BDRX
TAKE-TWO INT;T1TW34;BDRX
TAL EDUCATIO;T1AL34;BDRX
TAURUS ARMAS;TASA3;IGCX,ITAG
TAURUS ARMAS;TASA4;IBRA,IGCT,IGCX,ITAG
TC;TRAD3;IGCX,IGNM,ITAG
TECHNOS;TECN3;IGCX,IGNM,ITAG
TECNISA;TCSA3;IGCX,IGNM,ITAG
TEGMA;TGMA3;IBRA,IDIV,IGCT,IGCX,IGNM,ITAG,SMLL
TELADOCHEALT;T2DH34;BDRX
TELEF BRASIL;VIVT3;GPTW,IBBC,IBBE,IBBR,IBEP,IBEW,IBLV,IBOV,IBRA,IBXL,IBXX,ICO2,ISEE,IVBX,MLCX
TELEFONIC;TLNC34;BDRX
TENDA;TEND3;IBRA,IBXX,ICON,IDVR,IGCT,IGCX,IGNM,IMOB,INDX,ITAG,SMLL
TERRASANTAPA;LAND3;IGCX,IGNM,ITAG
TESLA INC;TSLA34;BDRX
TEXAS INC;TEXA34;BDRX
THERMFISCHER;TMOS34;BDRX
TIM;TIMS3;GPTW,IBBC,IBBE,IBBR,IBEP,IBEW,IBLV,IBOV,IBRA,IBXL,IBXX,ICO2,IDIV,IDVR,IGCT,IGCX,IGNM,ISEE,ITAG,IVBX,MLCX
TOTVS;TOTS3;GPTW,IBBC,IBBE,IBBR,IBEP,IBEW,IBOV,IBRA,IBXL,IBXX,ICO2,IDVR,IGCT,IGCX,IGNM,ITAG,IVBX,MLCX
TOYOTAMO;TMCO34;BDRX
TRACK FIELD;TFCO4;IGCX,ITAG
TRADE DESK;T2TD34;BDRX
TRANSOCEAN;RIGG34;BDRX
TRISUL;TRIS3;IGCX,IGNM,ITAG
TRIUNFO PART;TPIS3;IGCX,IGNM,ITAG
TUPY;TUPY3;AGFS,IBRA,IDVR,IGCT,IGCX,IGNM,INDX,ITAG,SMLL
UBER TECH IN;U1BE34;BDRX
ULTRAPAR;UGPA3;GPTW,IBBC,IBBE,IBBR,IBEP,IBEW,IBHB,IBOV,IBRA,IBXL,IBXX,IGCT,IGCX,IGNM,ISEE,ITAG,IVBX,MLCX
UNICASA;UCAS3;IGCX,IGNM,ITAG
UNIFIQUE;FIQE3;IGCX,IGNM,ITAG
UNILEVER;ULEV34;BDRX
UNIPAR;UNIP6;GPTW,IBRA,IDIV,IMAT,SMLL
UNITEDHEALTH;UNHH34;BDRX
UNITY SOFTWR;U2ST34;BDRX
UPSTART HOLD;U2PS34;BDRX
USIMINAS;USIM3;IGCX
USIMINAS;USIM5;IBBC,IBBE,IBBR,IBEP,IBEW,IBHB,IBOV,IBRA,IBXX,IGCT,IGCX,IMAT,INDX,ISEE,IVBX,SMLL
VALE;VALE3;IBBC,IBBE,IBBR,IBEP,IBEW,IBOV,IBRA,IBSD,IBXL,IBXX,IDIV,IGCT,IGCX,IGNM,IMAT,ITAG,MLCX
VALID;VLID3;IBRA,IDIV,IDVR,IGCT,IGCX,IGNM,ITAG,SMLL
VAMOS;VAMO3;AGFS,IBBC,IBBE,IBBR,IBEP,IBEW,IBHB,IBOV,IBRA,IBXX,ICO2,ICON,IGCT,IGCX,IGNM,ISEE,ITAG,SMLL
VERIZON;VERZ34;BDRX
VESTE;VSTE3;IGCX,IGNM,ITAG
VIBRA;VBBR3;GPTW,IBBC,IBBE,IBBR,IBEP,IBEW,IBOV,IBRA,IBSD,IBXL,IBXX,ICO2,IGCT,IGCX,IGNM,ISEE,ITAG,IVBX,MLCX
VISA INC;VISA34;BDRX
VITRUEDUCA;VTRU3;IGCX,IGNM
VITTIA;VITT3;IGCX,IGNM,ITAG
VIVARA S.A.;VIVA3;IBBC,IBBE,IBBR,IBEP,IBEW,IBHB,IBOV,IBRA,IBXX,ICON,IGCT,IGCX,IGNM,INDX,ITAG,IVBX,SMLL
VIVEO;VVEO3;IBRA,ICON,IDVR,IGCT,IGCX,IGNM,ITAG,SMLL
VIVER;VIVR3;IGCX,IGNM,ITAG
VODAFONE GRO;V1OD34;BDRX
VULCABRAS;VULC3;IBRA,ICON,IDIV,IGCT,IGCX,IGNM,INDX,ITAG,SMLL
WAL MART;WALM34;BDRX
WALT DISNEY;DISB34;BDRX
WARNER DISCO;W1BD34;BDRX
WDC NETWORKS;LVTC3;IGCX,IGNM,ITAG
WEG;WEGE3;IBBC,IBBE,IBBR,IBEP,IBEW,IBOV,IBRA,IBXL,IBXX,ICO2,IGCT,IGCX,IGNM,INDX,ISEE,ITAG,MLCX
WELLS FARGO;WFCO34;BDRX
WESTWING;WEST3;IGCX,IGNM,ITAG
WILSON SONS;PORT3;GPTW,IBRA,IGCT,IGCX,IGNM,ISEE,ITAG,SMLL
WIZ CO;WIZC3;IGCX,IGNM,ITAG
XP INC;XPBR31;IBBC,IBBE,IBBR
YDUQS PART;YDUQ3;IBBC,IBBE,IBBR,IBEP,IBEW,IBHB,IBOV,IBRA,IBXX,ICO2,ICON,IDVR,IGCT,IGCX,IGNM,ISEE,ITAG,IVBX,SMLL
ZAMP S.A.;ZAMP3;ITAG
ZOOM COMMS;Z1OM34;BDRX
